Distrito,Departamento,Nivel_Riesgo,Poblacion_Expuesta,Colegios_Riesgo,Latitud,Longitud
ARAMANGO,AMAZONAS,MA,9765,83,-6.0948,-78.1691
COPALLIN,AMAZONAS,A,4595,24,-5.7965,-77.9316
EL PARCO,AMAZONAS,A,1216,4,-6.1768,-78.393
IMAZA,AMAZONAS,MA,25162,259,-5.6978,-77.8244
LA PECA,AMAZONAS,MA,6260,49,-5.7388,-78.249
YAMBRASBAMBA,AMAZONAS,A,5577,33,-6.843,-77.3834
EL CENEPA,AMAZONAS,MA,9891,115,-5.611,-78.1349
NIEVA,AMAZONAS,MA,18626,221,-6.9425,-77.5181
RIO SANTIAGO,AMAZONAS,A,13953,130,-6.3505,-77.6547
CAMPANILLA,SAN MARTIN,A,9097,30,-7.1511,-77.1009
HUICUNGO,SAN MARTIN,A,5415,22,-7.0272,-76.3601
JUANJUI,SAN MARTIN,A,32444,44,-6.6713,-76.2847
PACHIZA,SAN MARTIN,A,3971,11,-5.7779,-75.9221
PAJARILLO,SAN MARTIN,A,5345,16,-6.9839,-76.321
POLVORA,SAN MARTIN,A,10515,48,-6.417,-76.6214
TOCACHE,SAN MARTIN,A,26166,83,-6.9148,-75.6015
BAGUA GRANDE,AMAZONAS,A,50841,168,-6.2917,-78.3418
CAJARURO,AMAZONAS,A,25391,123,-5.9082,-77.5029
CUMBA,AMAZONAS,MA,7855,46,-6.7034,-77.7126
EL MILAGRO,AMAZONAS,A,4485,30,-6.0357,-78.347
JAMALCA,AMAZONAS,A,6597,29,-6.2625,-78.2918
LONYA GRANDE,AMAZONAS,A,10565,39,-5.8341,-78.4357
YAMON,AMAZONAS,A,2348,15,-6.6669,-77.9042
AYAHUANCO,AYACUCHO,A,5861,40,-13.7845,-74.686
CANAYRE,AYACUCHO,MA,3520,19,-13.2386,-74.1952
LLOCHEGUA,AYACUCHO,MA,10058,61,-13.7867,-74.1541
SIVIA,AYACUCHO,MA,10797,77,-13.4351,-73.4988
ANCHIHUAY,AYACUCHO,MA,4039,33,-12.9255,-73.4925
ANCO,AYACUCHO,A,9827,65,-13.6806,-74.2096
AYNA,AYACUCHO,MA,9298,37,-13.3364,-74.1194
CHUNGUI,AYACUCHO,A,4865,56,-13.7667,-74.341
SAMUGARI,AYACUCHO,MA,9410,45,-12.3789,-73.666
SANTA ROSA,AYACUCHO,MA,11279,53,-12.5529,-73.914
BELLAVISTA,CAJAMARCA,A,15967,31,-7.2348,-78.6187
CHONTALI,CAJAMARCA,A,9151,52,-7.0253,-78.1887
COLASAY,CAJAMARCA,A,11283,67,-7.1584,-77.8596
HUABAL,CAJAMARCA,A,7674,38,-6.4276,-78.6835
JAEN,CAJAMARCA,A,94153,204,-7.8926,-78.7303
LAS PIRIAS,CAJAMARCA,MA,4275,21,-6.3861,-79.1352
POMAHUACA,CAJAMARCA,A,8264,42,-7.4851,-79.0345
PUCARA,CAJAMARCA,A,7292,27,-6.6713,-78.3619
SALLIQUE,CAJAMARCA,A,7411,43,-6.9934,-79.0385
SAN FELIPE,CAJAMARCA,A,5682,23,-7.4208,-78.9669
SAN JOSE DEL ALTO,CAJAMARCA,A,6697,42,-6.6853,-78.3371
SANTA ROSA,CAJAMARCA,A,10515,26,-7.172,-78.8953
CHIRINOS,CAJAMARCA,MA,14592,79,-6.6967,-78.6508
HUARANGO,CAJAMARCA,MA,18012,102,-6.4883,-79.1009
LA COIPA,CAJAMARCA,A,18484,77,-7.0396,-77.9261
NAMBALLE,CAJAMARCA,A,9454,49,-6.7027,-77.7265
SAN IGNACIO,CAJAMARCA,A,34659,152,-7.2025,-78.1256
SAN JOSE DE LOURDES,CAJAMARCA,MA,17046,114,-7.6974,-77.7661
TABACONAS,CAJAMARCA,A,17297,87,-7.6256,-78.4316
CHOROS,CAJAMARCA,MA,2878,29,-7.799,-77.7011
CUJILLO,CAJAMARCA,MA,2330,25,-6.643,-78.1008
PIMPINGOS,CAJAMARCA,MA,5100,57,-6.5501,-78.8091
SANTO TOMAS,CAJAMARCA,MA,6988,53,-7.3758,-77.7816
SOCOTA,CAJAMARCA,A,11475,69,-7.4093,-77.9048
TORIBIO CASANOVA,CAJAMARCA,MA,1115,11,-6.699,-78.2974
KOSÑIPATA,CUSCO,A,4247,31,-14.2831,-72.1818
PAUCARTAMBO,CUSCO,MA,11871,67,-12.9231,-72.3789
QERO,CUSCO,A,2890,13,-13.7915,-71.493
YANATILE,CUSCO,A,9498,75,-14.2185,-71.8659
VILLA VIRGEN,CUSCO,A,1854,18,-13.5654,-72.0449
VILLA KINTIARINA,CUSCO,A,2367,25,-12.9157,-71.9328
MEGANTONI,CUSCO,A,8669,57,-13.8821,-71.8601
PICHARI,CUSCO,A,21980,105,-13.4309,-71.7451
QUIMBIRI,CUSCO,A,16954,127,-13.0487,-71.9213
ANDAMARCA,JUNIN,A,4261,35,-11.1611,-75.4678
COMAS,JUNIN,A,5098,59,-10.3703,-76.3862
CHANCHAMAYO,JUNIN,A,27790,85,-11.1645,-76.0125
PERENE,JUNIN,A,52874,215,-10.824,-76.3888
PICHANAQUI,JUNIN,A,39054,199,-11.5173,-75.2987
SAN LUIS DE SHUARO,JUNIN,A,6588,32,-11.838,-75.4705
VITOC,JUNIN,A,1780,12,-11.4552,-76.6806
COVIRIALI,JUNIN,A,5682,19,-10.4357,-75.642
LLAYLLA,JUNIN,A,4680,19,-11.3934,-75.795
MAZAMARI-PANGOA,JUNIN,MA,54240,465,-10.5968,-76.1558
PAMPA HERMOSA,JUNIN,A,3854,23,-11.6669,-75.2892
RIO NEGRO,JUNIN,A,30651,139,-11.127,-75.2862
RIO TAMBO,JUNIN,A,26154,204,-10.8988,-75.7663
SATIPO,JUNIN,A,37075,152,-10.5487,-75.4776
HUACHOCOLPA,HUANCAVELICA,A,1564,24,-12.7788,-74.6547
SURCUBAMBA,HUANCAVELICA,A,4171,32,-13.1099,-75.1275
TINTAY PUNCU,HUANCAVELICA,A,2407,26,-12.7214,-75.7369
ROBLE,HUANCAVELICA,A,2385,15,-13.3283,-75.0506
PICHOS,HUANCAVELICA,A,1882,15,-13.1493,-74.7431
CHOLON,HUANUCO,A,6791,33,-10.4578,-76.4385
LA MORADA,HUANUCO,A,2896,17,-9.6974,-75.7277
SANTA ROSA DE ALTO YANAJANCA,HUANUCO,A,1796,12,-9.5372,-75.4475
CHINCHAO,HUANUCO,A,24523,109,-10.4439,-75.5457
CHURUBAMBA,HUANUCO,A,21580,72,-9.2483,-76.1601
DANIEL ALOMIA ROBLES,HUANUCO,A,7423,40,-10.3807,-75.5186
HERMILIO VALDIZAN,HUANUCO,A,3775,18,-9.4796,-75.6329
LUYANDO,HUANUCO,A,9099,35,-10.1555,-76.0142
MARIANO DAMASO BERAUN,HUANUCO,A,9713,44,-9.1762,-75.8953
RUPA-RUPA,HUANUCO,A,1146,5,-9.7291,-76.3093
MONZON,HUANUCO,A,20275,100,-9.7618,-76.3262
CHAGLLA,HUANUCO,A,10515,36,-10.5985,-76.0592
PUCAYACU,HUANUCO,A,3436,19,-9.2132,-75.8454
PUEBLO NUEVO,HUANUCO,A,3729,19,-10.4079,-76.1643
BALSAPUERTO,LORETO,MA,13707,157,-3.5414,-73.4939
CHONTABAMBA,PASCO,A,3123,26,-10.4143,-75.8488
HUANCABAMBA,PASCO,A,5863,45,-10.6074,-76.1039
OXAPAMPA,PASCO,A,14088,57,-10.2238,-75.9221
PALCAZU,PASCO,MA,7130,111,-10.1472,-76.8407
POZUZO,PASCO,MA,4511,69,-10.7381,-76.4526
PUERTO BERMUDEZ,PASCO,MA,17249,180,-10.7937,-77.0144
VILLA RICA,PASCO,A,18449,85,-11.385,-75.4593
CONSTITUCION,PASCO,A,10543,99,-11.0827,-76.3888
AYAPATA,PUNO,MA,9299,39,-15.8972,-70.7816
COASA,PUNO,MA,6433,46,-16.6346,-70.165
CORANI,PUNO,A,3151,33,-16.1432,-70.0768
ITUATA,PUNO,MA,7526,37,-15.3429,-70.0911
MACUSANI,PUNO,A,11797,44,-16.4862,-70.5255
OLLACHEA,PUNO,A,4653,19,-15.6568,-70.0932
SAN GABAN,PUNO,A,4301,31,-16.126,-69.5768
QUIACA,PUNO,A,1904,23,-15.1587,-70.2195
SINA,PUNO,A,1227,10,-16.1365,-69.6059
YANAHUAYA,PUNO,A,2150,15,-16.5956,-70.3639
SAN JUAN DEL ORO,PUNO,A,4315,22,-16.2731,-69.7523
SAN PEDRO DE PUTINA PUNCO,PUNO,A,9851,47,-16.5968,-69.6105
PHARA,PUNO,A,4372,21,-15.8234,-69.8732
SANDIA,PUNO,A,10594,59,-15.8078,-69.6896
LIMBANI,PUNO,A,3438,20,-16.4294,-70.7302
ALTO BIAVO,SAN MARTIN,MA,7639,64,-5.836,-75.7728
BAJO BIAVO,SAN MARTIN,A,9896,44,-7.0101,-75.8202
BELLAVISTA,SAN MARTIN,A,17804,26,-7.1704,-75.9868
HUALLAGA,SAN MARTIN,A,3096,6,-6.9944,-77.0177
SAN PABLO,SAN MARTIN,MA,8640,28,-7.0673,-76.3262
SAN RAFAEL,SAN MARTIN,A,5953,15,-6.0278,-75.9392
AGUA BLANCA,SAN MARTIN,A,2631,7,-5.7483,-76.104
SAN JOSE DE SISA,SAN MARTIN,MA,14639,51,-6.6713,-77.1009
SAN MARTIN,SAN MARTIN,MA,10447,62,-5.9037,-76.1554
SANTA ROSA,SAN MARTIN,MA,6332,24,-5.9085,-76.5415
SHATOJA,SAN MARTIN,A,2790,14,-6.5516,-76.5684
ALTO SAPOSOA,SAN MARTIN,MA,4471,10,-7.1353,-76.8837
EL ESLABON,SAN MARTIN,A,1789,2,-7.0321,-75.5687
PISCOYACU,SAN MARTIN,A,3480,11,-5.9555,-76.0116
SAPOSOA,SAN MARTIN,A,12822,35,-7.2289,-75.8335
TINGO DE SAPOSOA,SAN MARTIN,A,909,5,-7.2625,-75.6983
ALONSO DE ALVARADO,SAN MARTIN,MA,13462,67,-5.7924,-76.7027
BARRANQUITA,SAN MARTIN,MA,6429,52,-7.0273,-76.6219
CAYNUARACHI,SAN MARTIN,A,8254,43,-6.2694,-76.6432
CUÑUMBUQUI,SAN MARTIN,A,4247,15,-6.417,-77.1044
LAMAS,SAN MARTIN,A,14476,31,-7.1719,-77.0189
PINTO RECODO,SAN MARTIN,MA,8086,44,-6.0886,-77.1517
RUMISAPA,SAN MARTIN,A,2582,7,-7.1979,-77.042
SAN ROQUE DE CUMBAZA,SAN MARTIN,MA,1635,11,-6.8841,-76.8143
SHANAO,SAN MARTIN,A,2666,7,-5.7297,-76.438
TABALOSOS,SAN MARTIN,MA,13879,35,-6.8973,-77.0099
ZAPATERO,SAN MARTIN,A,5173,16,-7.0954,-76.225
CALZADA,SAN MARTIN,A,4575,6,-6.6718,-77.0175
HABANA,SAN MARTIN,A,1704,4,-6.1855,-76.9038
JEPELACIO,SAN MARTIN,A,18449,60,-5.7516,-75.9221
MOYOBAMBA,SAN MARTIN,A,76325,187,-6.1011,-77.135
SORITOR,SAN MARTIN,A,22159,38,-7.1866,-77.0505
YANTALO,SAN MARTIN,A,3090,11,-6.6669,-75.6888
AWAJUN,SAN MARTIN,A,7282,31,-7.0084,-75.9213
ELIAS SOPLIN VARGAS,SAN MARTIN,A,14343,21,-6.9926,-77.1121
NUEVA CAJAMARCA,SAN MARTIN,A,43476,87,-6.3315,-77.0398
PARDO MIGUEL,SAN MARTIN,A,19349,60,-6.7774,-75.9984
RIOJA,SAN MARTIN,A,25413,44,-6.337,-77.0858
SAN FERNANDO,SAN MARTIN,A,4800,10,-5.8344,-76.993
YURACYACU,SAN MARTIN,A,5250,9,-6.2624,-76.8105
ALBERTO LEVEAU,SAN MARTIN,A,866,3,-6.9365,-76.4952
CACATACHI,SAN MARTIN,A,3293,7,-5.795,-75.5901
CHAZUTA,SAN MARTIN,MA,9497,29,-7.0051,-76.1287
CHIPURANA,SAN MARTIN,A,2001,8,-7.0602,-75.961
EL PORVENIR,SAN MARTIN,A,2152,10,-5.698,-76.8837
HUIMBAYOC,SAN MARTIN,MA,4975,22,-6.0387,-76.4908
JUAN GUERRA,SAN MARTIN,MA,3907,7,-5.7005,-77.126
LA BANDA DE SHILCAYO,SAN MARTIN,A,43481,42,-6.1668,-75.9964
MORALES,SAN MARTIN,A,24991,24,-6.3579,-76.2238
PAPAPLAYA,SAN MARTIN,A,2573,11,-6.3768,-76.5127
SAN ANTONIO,SAN MARTIN,A,1564,5,-7.1126,-75.7877
SAUCE,SAN MARTIN,MA,7263,13,-6.8576,-76.1627
SHAPAJA,SAN MARTIN,A,1805,4,-6.974,-75.6026
TARAPOTO,SAN MARTIN,A,69070,55,-6.0592,-75.9754
BOQUERON,UCAYALI,A,15797,63,-7.9942,-74.6534
ALEXANDER VON HUMBOLDT,UCAYALI,A,6204,18,-7.7554,-74.453
IRAZOLA,UCAYALI,A,10860,60,-8.031,-75.0567
PADRE ABAD,UCAYALI,A,29440,105,-8.3846,-75.1477
HUIPOCA,UCAYALI,A,8826,38,-9.1764,-74.5204
NESHUYA,UCAYALI,A,7848,22,-8.0267,-74.7937